,best scores,times,max iterations
0,43.0,2.4994118213653564,3096
1,48.0,0.4662144184112549,5000
2,47.0,2.6950409412384033,136
3,48.0,22.902198553085327,1010
