,best scores,times,max iterations
0,50.0,0.35894775390625,3000
1,91.0,0.04205608367919922,2309
2,91.0,1.7630901336669922,224
3,67.0,10.654942035675049,1021
