,best scores,times,max iterations
0,50.0,0.5295383930206299,4336
1,50.0,0.05410289764404297,3408
2,91.0,1.7264792919158936,224
3,67.0,10.806105136871338,1021
