,best scores,times,max iterations
0,6.0,0.26000499725341797,3071
1,6.0,0.07399940490722656,5000
2,6.0,0.6452374458312988,101
3,6.0,10.039296627044678,1001
