,best scores,times,max iterations
0,1888.0,0.729961633682251,3791
1,1675.0,0.032257080078125,1293
2,2133.0,1.122058629989624,156
3,1846.0,77.74616384506226,1003
