,best scores,times,max iterations
0,13.0,3.899550676345825,3012
1,13.0,0.35950374603271484,2095
2,13.0,2.788181781768799,101
3,13.0,23.807645797729492,1001
