,best scores,times,max iterations
0,41.0,2.0365617275238037,2500
1,47.0,0.21994543075561523,2500
2,47.0,2.6640636920928955,136
3,48.0,22.925514698028564,1010
