,best scores,times,max iterations
0,41.0,2.013469934463501,2500
1,47.0,0.21680593490600586,2500
2,47.0,2.646925449371338,136
3,48.0,21.97929573059082,1010
