,best scores,times,max iterations
0,50.0,0.3547096252441406,3000
1,91.0,0.040853023529052734,2309
2,91.0,1.6814274787902832,224
3,67.0,9.673852920532227,1021
