,best scores,times,max iterations
0,50.0,0.355022668838501,3000
1,91.0,0.04241156578063965,2309
2,91.0,1.7786736488342285,224
3,67.0,10.221871376037598,1021
