,best scores,times,max iterations
0,1813.0,0.2750203609466553,1000
1,1675.0,0.03763532638549805,1293
2,2133.0,1.2220799922943115,156
3,1846.0,78.47967648506165,1003
