,best scores,times,max iterations
0,1813.0,0.24304890632629395,1000
1,1675.0,0.032250165939331055,1293
2,2133.0,1.1439549922943115,156
3,1846.0,76.2484700679779,1003
