,scores,train_time,query_time,Iters
0,0.6596029076054307,0.699913740158081,0.0013227462768554688,0
1,0.40198511166253104,8.261150360107422,0.00012731552124023438,10000
2,0.40198511166253104,8.228822231292725,0.00010752677917480469,5000
3,0.7997512437810945,141.85491061210632,0.0001304149627685547,500
